Stock,Month,Actual_Closing_Price,Predicted_Closing_Price
TCS.NS,2024-01,3815.949951171875,3726.22298828125
TCS.NS,2024-02,4095.10009765625,3936.8870556640627
TCS.NS,2024-03,3876.300048828125,4043.86505859375
TCS.NS,2024-04,3820.64990234375,3787.3309350585937
TCS.NS,2024-05,3670.949951171875,3725.5109790039064
TCS.NS,2024-06,3904.14990234375,3820.6984375
TCS.NS,2024-07,4385.35009765625,4337.8121020507815
TCS.NS,2024-08,4553.75,4688.714541015625
TCS.NS,2024-09,4268.5,4455.6515283203125
TCS.NS,2024-10,3968.449951171875,4221.964987792969
TCS.NS,2024-11,4270.85009765625,4276.2295825195315
TCS.NS,2024-12,4445.5,4394.0919897460935
RELIANCE.NS,2024-01,1426.625,1397.374249267578
RELIANCE.NS,2024-02,1460.800048828125,1464.6060375976563
RELIANCE.NS,2024-03,1485.8499755859375,1473.4939904785156
RELIANCE.NS,2024-04,1467.0,1469.8885083007813
RELIANCE.NS,2024-05,1430.4000244140625,1426.2340161132813
RELIANCE.NS,2024-06,1565.4000244140625,1544.6072692871094
RELIANCE.NS,2024-07,1505.425048828125,1553.4422888183594
RELIANCE.NS,2024-08,1509.625,1527.1760046386719
RELIANCE.NS,2024-09,1476.574951171875,1500.6402258300782
RELIANCE.NS,2024-10,1332.050048828125,1352.5150231933594
RELIANCE.NS,2024-11,1292.199951171875,1307.0034680175781
RELIANCE.NS,2024-12,1311.550048828125,1260.7315014648439
INFY.NS,2024-01,1660.9000244140625,1595.5370178222656
INFY.NS,2024-02,1673.9000244140625,1662.1170336914063
INFY.NS,2024-03,1498.050048828125,1554.0970434570313
INFY.NS,2024-04,1420.550048828125,1426.5075317382812
INFY.NS,2024-05,1406.9000244140625,1423.1270178222655
INFY.NS,2024-06,1566.75,1530.731494140625
INFY.NS,2024-07,1868.25,1591.495755126953
INFY.NS,2024-08,1943.699951171875,1897.8410021972657
INFY.NS,2024-09,1875.5999755859375,1914.205977783203
INFY.NS,2024-10,1757.25,1818.9870104980469
INFY.NS,2024-11,1857.8499755859375,1791.3239770507812
INFY.NS,2024-12,1922.4000244140625,1896.5045141601563
HDFCBANK.NS,2024-01,1462.550048828125,1523.654041748047
HDFCBANK.NS,2024-02,1403.4000244140625,1443.4350170898438
HDFCBANK.NS,2024-03,1447.9000244140625,1428.697510986328
HDFCBANK.NS,2024-04,1520.0999755859375,1513.3164794921875
HDFCBANK.NS,2024-05,1531.550048828125,1503.05353515625
HDFCBANK.NS,2024-06,1683.800048828125,1650.7985356445313
HDFCBANK.NS,2024-07,1615.75,1671.3574926757813
HDFCBANK.NS,2024-08,1636.9000244140625,1674.38251953125
HDFCBANK.NS,2024-09,1732.050048828125,1575.9625073242187
HDFCBANK.NS,2024-10,1735.699951171875,1740.4009741210937
HDFCBANK.NS,2024-11,1796.050048828125,1773.5850219726562
HDFCBANK.NS,2024-12,1855.8499755859375,1847.3014819335938
ICICIBANK.NS,2024-01,1028.1500244140625,1072.659008178711
ICICIBANK.NS,2024-02,1052.199951171875,985.0035021972657
ICICIBANK.NS,2024-03,1093.300048828125,1085.9835278320313
ICICIBANK.NS,2024-04,1150.4000244140625,1118.187509765625
ICICIBANK.NS,2024-05,1121.050048828125,1129.8240295410155
ICICIBANK.NS,2024-06,1199.5999755859375,1215.2407775878905
ICICIBANK.NS,2024-07,1214.9000244140625,1224.0575146484375
ICICIBANK.NS,2024-08,1229.199951171875,1225.4269812011719
ICICIBANK.NS,2024-09,1273.0,1251.572003173828
ICICIBANK.NS,2024-10,1292.25,1281.5230053710939
ICICIBANK.NS,2024-11,1300.0999755859375,1298.1194848632813
ICICIBANK.NS,2024-12,1328.75,1260.9575036621093
HINDUNILVR.NS,2024-01,2481.550048828125,2629.4790502929686
HINDUNILVR.NS,2024-02,2412.300048828125,2460.57453125
HINDUNILVR.NS,2024-03,2264.35009765625,2296.641591796875
HINDUNILVR.NS,2024-04,2230.449951171875,2495.1515454101564
HINDUNILVR.NS,2024-05,2329.050048828125,2280.537019042969
HINDUNILVR.NS,2024-06,2473.050048828125,2527.8624609375
HINDUNILVR.NS,2024-07,2705.64990234375,2597.6829638671875
HINDUNILVR.NS,2024-08,2778.0,2813.917998046875
HINDUNILVR.NS,2024-09,2958.300048828125,3005.002529296875
HINDUNILVR.NS,2024-10,2528.25,2628.036511230469
HINDUNILVR.NS,2024-11,2496.14990234375,2689.001970214844
HINDUNILVR.NS,2024-12,2483.800048828125,2503.741025390625
SBIN.NS,2024-01,640.5,606.6795098876953
SBIN.NS,2024-02,748.0999755859375,683.6479809570312
SBIN.NS,2024-03,752.3499755859375,769.3844848632813
SBIN.NS,2024-04,826.25,797.2124938964844
SBIN.NS,2024-05,830.3499755859375,844.9275134277344
SBIN.NS,2024-06,848.9500122070312,872.4885083007813
SBIN.NS,2024-07,872.4000244140625,819.2040069580078
SBIN.NS,2024-08,815.5999755859375,838.7639916992188
SBIN.NS,2024-09,787.9000244140625,802.7935205078124
SBIN.NS,2024-10,820.2000122070312,817.1895086669922
SBIN.NS,2024-11,838.9500122070312,827.0380139160156
SBIN.NS,2024-12,863.6500244140625,845.0715197753906
BHARTIARTL.NS,2024-01,1170.699951171875,1109.4324755859375
BHARTIARTL.NS,2024-02,1123.3499755859375,1137.746181640625
BHARTIARTL.NS,2024-03,1228.5999755859375,1121.5233117675782
BHARTIARTL.NS,2024-04,1322.300048828125,1302.0365319824218
BHARTIARTL.NS,2024-05,1372.75,1364.4156799316406
BHARTIARTL.NS,2024-06,1444.050048828125,1461.3450170898439
BHARTIARTL.NS,2024-07,1491.550048828125,1485.381534423828
BHARTIARTL.NS,2024-08,1589.050048828125,1574.9922814941406
BHARTIARTL.NS,2024-09,1709.550048828125,1656.5782897949218
BHARTIARTL.NS,2024-10,1612.5999755859375,1618.8639880371093
BHARTIARTL.NS,2024-11,1627.1500244140625,1608.8805200195313
BHARTIARTL.NS,2024-12,1597.8499755859375,1547.33048828125
ASIANPAINT.NS,2024-01,2957.85009765625,3558.6065283203125
ASIANPAINT.NS,2024-02,2821.89990234375,2846.622932128906
ASIANPAINT.NS,2024-03,2846.75,2860.0000268554686
ASIANPAINT.NS,2024-04,2875.89990234375,2871.99994140625
ASIANPAINT.NS,2024-05,2881.199951171875,2853.5759545898436
ASIANPAINT.NS,2024-06,2917.050048828125,2914.6485180664063
ASIANPAINT.NS,2024-07,3084.449951171875,3081.78048828125
ASIANPAINT.NS,2024-08,3126.800048828125,3084.1555297851564
ASIANPAINT.NS,2024-09,3329.10009765625,3226.49806640625
ASIANPAINT.NS,2024-10,2935.64990234375,2989.0354248046874
ASIANPAINT.NS,2024-11,2479.60009765625,2586.9975512695314
ASIANPAINT.NS,2024-12,2429.699951171875,2503.741025390625
WIPRO.NS,2024-01,239.0749969482422,241.35324630737304
WIPRO.NS,2024-02,259.29998779296875,257.6492399597168
WIPRO.NS,2024-03,240.0500030517578,242.57750198364258
WIPRO.NS,2024-04,231.1999969482422,235.27949768066406
WIPRO.NS,2024-05,219.10000610351562,222.1124055480957
WIPRO.NS,2024-06,257.42498779296875,253.61873992919922
WIPRO.NS,2024-07,261.0,262.035500793457
WIPRO.NS,2024-08,269.20001220703125,268.32811126708987
WIPRO.NS,2024-09,270.7250061035156,269.95800537109375
WIPRO.NS,2024-10,275.8999938964844,280.8064956665039
WIPRO.NS,2024-11,288.92498779296875,288.27148864746096
WIPRO.NS,2024-12,297.3500061035156,295.6637551879883
LT.NS,2024-01,3479.75,3760.862414550781
LT.NS,2024-02,3477.550048828125,3537.8570336914063
LT.NS,2024-03,3763.89990234375,3709.7149365234377
LT.NS,2024-04,3594.300048828125,3705.8520361328124
LT.NS,2024-05,3669.300048828125,3647.5530102539065
LT.NS,2024-06,3548.449951171875,3642.1384619140626
LT.NS,2024-07,3815.0,3835.9284594726564
LT.NS,2024-08,3704.64990234375,3686.425927734375
LT.NS,2024-09,3675.550048828125,3691.5265234375
LT.NS,2024-10,3622.300048828125,3568.08404296875
LT.NS,2024-11,3724.800048828125,3663.370041503906
LT.NS,2024-12,3866.699951171875,3795.6879760742186
KOTAKBANK.NS,2024-01,1825.25,1873.2724938964843
KOTAKBANK.NS,2024-02,1689.449951171875,1745.0324633789062
KOTAKBANK.NS,2024-03,1785.5,1744.0984887695313
KOTAKBANK.NS,2024-04,1623.949951171875,1711.4394604492188
KOTAKBANK.NS,2024-05,1680.4000244140625,1619.8807678222656
KOTAKBANK.NS,2024-06,1802.5,1743.8609741210937
KOTAKBANK.NS,2024-07,1807.9000244140625,1809.2705078125
KOTAKBANK.NS,2024-08,1780.800048828125,1824.8644970703126
KOTAKBANK.NS,2024-09,1853.949951171875,1845.4734765625
KOTAKBANK.NS,2024-10,1731.0999755859375,1735.6635290527345
KOTAKBANK.NS,2024-11,1765.25,1764.0425048828124
KOTAKBANK.NS,2024-12,1776.949951171875,1737.3569580078124
AXISBANK.NS,2024-01,1067.75,1067.4429956054687
AXISBANK.NS,2024-02,1075.0999755859375,1071.9769946289061
AXISBANK.NS,2024-03,1047.199951171875,1070.1374780273438
AXISBANK.NS,2024-04,1165.9000244140625,1139.7845196533203
AXISBANK.NS,2024-05,1162.1500244140625,1153.0069152832032
AXISBANK.NS,2024-06,1265.25,1257.0833020019531
AXISBANK.NS,2024-07,1166.0999755859375,1194.375186767578
AXISBANK.NS,2024-08,1175.25,1181.111298828125
AXISBANK.NS,2024-09,1232.199951171875,1224.5734643554688
AXISBANK.NS,2024-10,1159.550048828125,1198.1780224609374
AXISBANK.NS,2024-11,1136.300048828125,1154.9473291015624
AXISBANK.NS,2024-12,1184.550048828125,1163.6845361328126
MARUTI.NS,2024-01,10186.900390625,10161.4407421875
MARUTI.NS,2024-02,11288.349609375,11086.181845703126
MARUTI.NS,2024-03,12600.349609375,11465.36353515625
MARUTI.NS,2024-04,12817.5,12595.686435546875
MARUTI.NS,2024-05,12399.2998046875,12514.93435546875
MARUTI.NS,2024-06,12033.849609375,12357.63072265625
MARUTI.NS,2024-07,13115.7998046875,12525.521474609375
MARUTI.NS,2024-08,12403.0,12424.130419921876
MARUTI.NS,2024-09,13238.0,12862.711435546875
MARUTI.NS,2024-10,11076.4501953125,12500.58392578125
MARUTI.NS,2024-11,11074.2001953125,11184.7876953125
MARUTI.NS,2024-12,11317.9501953125,11361.80716796875
SUNPHARMA.NS,2024-01,1418.449951171875,1273.1590014648436
SUNPHARMA.NS,2024-02,1577.949951171875,1535.517979736328
SUNPHARMA.NS,2024-03,1620.550048828125,1573.747529296875
SUNPHARMA.NS,2024-04,1502.0999755859375,1545.9769885253907
SUNPHARMA.NS,2024-05,1459.800048828125,1476.0865344238282
SUNPHARMA.NS,2024-06,1520.8499755859375,1505.5289978027345
SUNPHARMA.NS,2024-07,1719.3499755859375,1546.4100170898437
SUNPHARMA.NS,2024-08,1821.6500244140625,1790.1930090332032
SUNPHARMA.NS,2024-09,1926.699951171875,1870.108475341797
SUNPHARMA.NS,2024-10,1848.9000244140625,1824.9130151367187
SUNPHARMA.NS,2024-11,1780.9000244140625,1832.8235168457031
SUNPHARMA.NS,2024-12,1804.8499755859375,1822.1824853515625
NTPC.NS,2024-01,317.5,343.08499938964843
NTPC.NS,2024-02,335.6000061035156,326.0470053100586
NTPC.NS,2024-03,335.79998779296875,347.1809976196289
NTPC.NS,2024-04,363.20001220703125,354.86900604248046
NTPC.NS,2024-05,359.0,376.1665020751953
NTPC.NS,2024-06,378.3500061035156,384.6840057373047
NTPC.NS,2024-07,416.0,401.86450042724607
NTPC.NS,2024-08,416.20001220703125,450.67050872802736
NTPC.NS,2024-09,443.20001220703125,423.5640084838867
NTPC.NS,2024-10,408.1499938964844,418.2064984130859
NTPC.NS,2024-11,363.6499938964844,391.2195004272461
NTPC.NS,2024-12,369.5,363.17949951171875
ADANIGREEN.NS,2024-01,1669.449951171875,1565.9160375976562
ADANIGREEN.NS,2024-02,1895.050048828125,1796.2280432128907
ADANIGREEN.NS,2024-03,1835.1500244140625,1867.937010498047
ADANIGREEN.NS,2024-04,1797.6500244140625,1799.9535131835937
ADANIGREEN.NS,2024-05,1908.3499755859375,1840.6309704589844
ADANIGREEN.NS,2024-06,1788.800048828125,1953.369521484375
ADANIGREEN.NS,2024-07,1847.199951171875,1840.5639916992188
ADANIGREEN.NS,2024-08,1838.1500244140625,1864.3074975585937
ADANIGREEN.NS,2024-09,1902.699951171875,1910.514462890625
ADANIGREEN.NS,2024-10,1598.300048828125,1691.4970336914062
ADANIGREEN.NS,2024-11,1323.9000244140625,1398.6585180664063
ADANIGREEN.NS,2024-12,1210.6500244140625,1261.4420056152344
TECHM.NS,2024-01,1333.6500244140625,1360.184259033203
TECHM.NS,2024-02,1273.8499755859375,1354.4792260742188
TECHM.NS,2024-03,1248.0999755859375,1285.3028369140625
TECHM.NS,2024-04,1263.5,1264.4231982421875
TECHM.NS,2024-05,1228.449951171875,1338.777412109375
TECHM.NS,2024-06,1430.3499755859375,1250.7071899414063
TECHM.NS,2024-07,1554.4000244140625,1559.710478515625
TECHM.NS,2024-08,1636.5,1625.6565075683593
TECHM.NS,2024-09,1577.199951171875,1604.927967529297
TECHM.NS,2024-10,1608.6500244140625,1588.232508544922
TECHM.NS,2024-11,1712.300048828125,1659.4860400390626
TECHM.NS,2024-12,1782.800048828125,1773.8054760742189
HINDZINC.NS,2024-01,317.25,321.3230038452148
HINDZINC.NS,2024-02,306.45001220703125,313.05200836181643
HINDZINC.NS,2024-03,292.29998779296875,370.53400054931643
HINDZINC.NS,2024-04,426.95001220703125,391.64500579833987
HINDZINC.NS,2024-05,687.25,605.9175009155274
HINDZINC.NS,2024-06,669.6500244140625,676.8925152587891
HINDZINC.NS,2024-07,646.8499755859375,656.0574871826171
HINDZINC.NS,2024-08,500.75,551.0795037841797
HINDZINC.NS,2024-09,522.5,515.6104986572266
HINDZINC.NS,2024-10,553.2000122070312,551.5410067749024
HINDZINC.NS,2024-11,504.6000061035156,520.0045037841796
HINDZINC.NS,2024-12,510.0,506.45300140380857
ITC.NS,2024-01,441.54998779296875,440.247490234375
ITC.NS,2024-02,406.29998779296875,429.2349935913086
ITC.NS,2024-03,428.3500061035156,429.42150512695315
ITC.NS,2024-04,435.6499938964844,521.2520022583008
ITC.NS,2024-05,426.45001220703125,445.4590060424805
ITC.NS,2024-06,424.8999938964844,476.18299774169924
ITC.NS,2024-07,495.3500061035156,492.61650329589844
ITC.NS,2024-08,501.8999938964844,512.3059982299804
ITC.NS,2024-09,518.1500244140625,511.7595135498047
ITC.NS,2024-10,488.79998779296875,516.7149938964844
ITC.NS,2024-11,476.75,486.12449829101564
ITC.NS,2024-12,471.1499938964844,466.16449676513673
POWERGRID.NS,2024-01,259.29998779296875,252.67924118041992
POWERGRID.NS,2024-02,282.8500061035156,267.8267530822754
POWERGRID.NS,2024-03,276.8999938964844,273.47349731445314
POWERGRID.NS,2024-04,301.8500061035156,294.4050042724609
POWERGRID.NS,2024-05,310.0,321.75725128173826
POWERGRID.NS,2024-06,330.95001220703125,333.03701049804687
POWERGRID.NS,2024-07,348.20001220703125,337.48851013183594
POWERGRID.NS,2024-08,337.3999938964844,368.7305044555664
POWERGRID.NS,2024-09,352.8500061035156,345.59900543212893
POWERGRID.NS,2024-10,320.79998779296875,329.3594921875
POWERGRID.NS,2024-11,329.3999938964844,304.5155026245117
POWERGRID.NS,2024-12,328.8999938964844,322.9374969482422
DRREDDY.NS,2024-01,1224.22998046875,1220.5468798828124
DRREDDY.NS,2024-02,1284.8499755859375,1280.5621838378906
DRREDDY.NS,2024-03,1231.5799560546875,1272.2142932128907
DRREDDY.NS,2024-04,1240.8599853515625,1255.0813916015625
DRREDDY.NS,2024-05,1158.3699951171875,1196.4651953125
DRREDDY.NS,2024-06,1280.469970703125,1233.8544787597657
DRREDDY.NS,2024-07,1350.0999755859375,1354.383582763672
DRREDDY.NS,2024-08,1406.27001953125,1442.5730017089843
DRREDDY.NS,2024-09,1350.3199462890625,1401.8510009765625
DRREDDY.NS,2024-10,1274.199951171875,1302.343995361328
DRREDDY.NS,2024-11,1202.300048828125,1204.4590258789062
DRREDDY.NS,2024-12,1253.699951171875,1240.6224731445313
HDFCLIFE.NS,2024-01,576.5999755859375,614.1999786376953
HDFCLIFE.NS,2024-02,582.0,579.5054974365235
HDFCLIFE.NS,2024-03,633.3499755859375,652.5714984130859
HDFCLIFE.NS,2024-04,583.6500244140625,591.8975201416016
HDFCLIFE.NS,2024-05,549.8499755859375,553.1864810180664
HDFCLIFE.NS,2024-06,595.0499877929688,587.2134973144531
HDFCLIFE.NS,2024-07,715.5,678.4715008544922
HDFCLIFE.NS,2024-08,738.7000122070312,732.5740106201172
HDFCLIFE.NS,2024-09,718.0,736.9160021972656
HDFCLIFE.NS,2024-10,720.1500244140625,716.2505194091797
HDFCLIFE.NS,2024-11,657.75,676.1790008544922
HDFCLIFE.NS,2024-12,636.5,628.303515625
ULTRACEMCO.NS,2024-01,10167.349609375,10600.9458203125
ULTRACEMCO.NS,2024-02,9892.400390625,9927.277734375
ULTRACEMCO.NS,2024-03,9749.150390625,9874.369296875
ULTRACEMCO.NS,2024-04,9971.849609375,10000.4503515625
ULTRACEMCO.NS,2024-05,9915.5,10055.1273828125
ULTRACEMCO.NS,2024-06,11667.900390625,11187.24669921875
ULTRACEMCO.NS,2024-07,11887.2001953125,11743.722724609375
ULTRACEMCO.NS,2024-08,11301.900390625,11596.762783203125
ULTRACEMCO.NS,2024-09,11802.0,11593.845107421876
ULTRACEMCO.NS,2024-10,11065.650390625,11336.93578125
ULTRACEMCO.NS,2024-11,11202.150390625,11184.7876953125
ULTRACEMCO.NS,2024-12,11848.5,11643.78158203125
CIPLA.NS,2024-01,1351.0,1317.6924963378906
CIPLA.NS,2024-02,1480.3499755859375,1476.1669787597657
CIPLA.NS,2024-03,1496.949951171875,1509.484462890625
CIPLA.NS,2024-04,1400.0,1436.588505859375
CIPLA.NS,2024-05,1447.199951171875,1420.8255187988282
CIPLA.NS,2024-06,1480.800048828125,1490.7105249023436
CIPLA.NS,2024-07,1544.300048828125,1559.7039831542968
CIPLA.NS,2024-08,1654.9000244140625,1633.5685180664063
CIPLA.NS,2024-09,1654.0999755859375,1604.927967529297
CIPLA.NS,2024-10,1551.75,1616.5245092773437
CIPLA.NS,2024-11,1533.9000244140625,1574.533514404297
CIPLA.NS,2024-12,1477.4000244140625,1489.1297680664063
NESTLEIND.NS,2024-01,2506.0,2631.8145166015624
NESTLEIND.NS,2024-02,2596.199951171875,2532.3134912109376
NESTLEIND.NS,2024-03,2622.35009765625,2613.9430346679687
NESTLEIND.NS,2024-04,2507.39990234375,2576.796965332031
NESTLEIND.NS,2024-05,2354.89990234375,2475.4484228515626
NESTLEIND.NS,2024-06,2551.64990234375,2543.2424438476564
NESTLEIND.NS,2024-07,2456.35009765625,2702.9424755859377
NESTLEIND.NS,2024-08,2500.75,2575.3454833984374
NESTLEIND.NS,2024-09,2689.949951171875,2628.3629565429687
NESTLEIND.NS,2024-10,2262.949951171875,2743.446462402344
NESTLEIND.NS,2024-11,2234.64990234375,2478.1815014648437
NESTLEIND.NS,2024-12,2267.800048828125,2233.2310375976563
HEROMOTOCO.NS,2024-01,4621.5498046875,4033.3045825195313
HEROMOTOCO.NS,2024-02,4426.5,4529.848537597656
HEROMOTOCO.NS,2024-03,4722.2998046875,4511.8625
HEROMOTOCO.NS,2024-04,4543.0498046875,4682.52990234375
HEROMOTOCO.NS,2024-05,5119.60009765625,4588.532055664063
HEROMOTOCO.NS,2024-06,5579.60009765625,5258.548505859375
HEROMOTOCO.NS,2024-07,5488.4501953125,5563.087607421875
HEROMOTOCO.NS,2024-08,5455.39990234375,5527.030927734375
HEROMOTOCO.NS,2024-09,5712.39990234375,5760.023393554688
HEROMOTOCO.NS,2024-10,4989.5498046875,5272.96390625
HEROMOTOCO.NS,2024-11,4761.7001953125,4781.032651367187
HEROMOTOCO.NS,2024-12,4629.60009765625,4718.916020507812
GRASIM.NS,2024-01,2175.0,2207.4169799804686
GRASIM.NS,2024-02,2191.39990234375,2200.256435546875
GRASIM.NS,2024-03,2287.300048828125,2300.070029296875
GRASIM.NS,2024-04,2411.64990234375,2496.5315454101565
GRASIM.NS,2024-05,2316.25,2450.8995385742187
GRASIM.NS,2024-06,2670.449951171875,2599.7464624023437
GRASIM.NS,2024-07,2776.75,2824.6830004882813
GRASIM.NS,2024-08,2698.85009765625,3097.5460107421877
GRASIM.NS,2024-09,2795.550048828125,2789.6654638671876
GRASIM.NS,2024-10,2695.85009765625,2816.9355078125
GRASIM.NS,2024-11,2606.25,2718.259938964844
GRASIM.NS,2024-12,2701.89990234375,2734.3349267578124
TITAN.NS,2024-01,3697.550048828125,3602.880031738281
TITAN.NS,2024-02,3624.39990234375,3641.429440917969
TITAN.NS,2024-03,3801.800048828125,3768.585048828125
TITAN.NS,2024-04,3589.25,3667.4124926757813
TITAN.NS,2024-05,3241.89990234375,3424.9314428710936
TITAN.NS,2024-06,3404.199951171875,3392.6044848632814
TITAN.NS,2024-07,3458.949951171875,3619.7040283203123
TITAN.NS,2024-08,3565.14990234375,3531.978933105469
TITAN.NS,2024-09,3823.949951171875,3759.785979003906
TITAN.NS,2024-10,3267.050048828125,3328.156022949219
TITAN.NS,2024-11,3249.0,3245.2374975585935
TITAN.NS,2024-12,3470.10009765625,3360.410048828125
BPCL.NS,2024-01,251.1750030517578,247.36550247192383
BPCL.NS,2024-02,301.92498779296875,285.30249481201173
BPCL.NS,2024-03,301.20001220703125,350.17350494384766
BPCL.NS,2024-04,303.67498779296875,336.770993347168
BPCL.NS,2024-05,313.8999938964844,312.17525268554687
BPCL.NS,2024-06,303.95001220703125,318.24901123046874
BPCL.NS,2024-07,350.04998779296875,366.3689956665039
BPCL.NS,2024-08,357.6499938964844,352.5679962158203
BPCL.NS,2024-09,369.95001220703125,368.968508605957
BPCL.NS,2024-10,310.75,343.13450225830076
BPCL.NS,2024-11,292.1000061035156,305.40950378417966
BPCL.NS,2024-12,300.3500061035156,298.3640057373047
ONGC.NS,2024-01,252.25,233.45410095214845
ONGC.NS,2024-02,264.6000061035156,265.255496673584
ONGC.NS,2024-03,268.04998779296875,267.2849896240234
ONGC.NS,2024-04,282.8500061035156,269.87749084472654
ONGC.NS,2024-05,264.3500061035156,274.24700531005857
ONGC.NS,2024-06,274.20001220703125,268.84400360107423
ONGC.NS,2024-07,334.20001220703125,313.35600708007814
ONGC.NS,2024-08,330.75,339.1640017700195
ONGC.NS,2024-09,297.6000061035156,308.17500549316406
ONGC.NS,2024-10,266.1499938964844,274.4679977416992
ONGC.NS,2024-11,256.70001220703125,262.5860040283203
ONGC.NS,2024-12,260.04998779296875,255.39515228271483
GAIL.NS,2024-01,172.60000610351562,168.41460388183594
GAIL.NS,2024-02,182.25,182.4557992553711
GAIL.NS,2024-03,181.0500030517578,190.27700271606446
GAIL.NS,2024-04,209.10000610351562,204.77280212402343
GAIL.NS,2024-05,204.3000030517578,208.24980331420898
GAIL.NS,2024-06,219.5500030517578,238.14350067138673
GAIL.NS,2024-07,240.97000122070312,243.55539825439453
GAIL.NS,2024-08,237.69000244140625,239.28700057983397
GAIL.NS,2024-09,240.2899932861328,240.74779602050782
GAIL.NS,2024-10,199.99000549316406,238.80869979858397
GAIL.NS,2024-11,199.4600067138672,198.93350555419923
GAIL.NS,2024-12,210.41000366210938,203.120604095459
ZEEL.NS,2024-01,173.10000610351562,216.53375274658202
ZEEL.NS,2024-02,160.9499969482422,167.2019990539551
ZEEL.NS,2024-03,138.5500030517578,145.1977032470703
ZEEL.NS,2024-04,146.9499969482422,151.74429779052736
ZEEL.NS,2024-05,148.89999389648438,152.6663983154297
ZEEL.NS,2024-06,151.7899932861328,155.07389541625977
ZEEL.NS,2024-07,148.6699981689453,149.93049865722656
ZEEL.NS,2024-08,140.77999877929688,140.34719848632812
ZEEL.NS,2024-09,137.6999969482422,138.21719802856444
ZEEL.NS,2024-10,122.1500015258789,123.9243009185791
ZEEL.NS,2024-11,129.16000366210938,126.220902633667
ZEEL.NS,2024-12,143.58999633789062,141.77849838256836
TATAMOTORS.NS,2024-01,884.2000122070312,868.7330065917969
TATAMOTORS.NS,2024-02,950.2000122070312,899.371015625
TATAMOTORS.NS,2024-03,992.7999877929688,1008.5859991455078
TATAMOTORS.NS,2024-04,1007.9000244140625,1012.4870190429688
TATAMOTORS.NS,2024-05,923.0,957.6660046386719
TATAMOTORS.NS,2024-06,989.75,988.46900390625
TATAMOTORS.NS,2024-07,1156.6500244140625,1105.740521850586
TATAMOTORS.NS,2024-08,1111.3499755859375,1122.00548828125
TATAMOTORS.NS,2024-09,974.6500244140625,1014.818515625
TATAMOTORS.NS,2024-10,834.0499877929688,1018.3780187988282
TATAMOTORS.NS,2024-11,786.4500122070312,807.9995135498046
TATAMOTORS.NS,2024-12,816.7999877929688,825.0154968261719
SBILIFE.NS,2024-01,1401.1500244140625,1419.4860144042968
SBILIFE.NS,2024-02,1552.550048828125,1505.9975329589843
SBILIFE.NS,2024-03,1500.25,1506.0470056152344
SBILIFE.NS,2024-04,1436.550048828125,1443.5025329589844
SBILIFE.NS,2024-05,1386.4000244140625,1403.8510229492188
SBILIFE.NS,2024-06,1491.949951171875,1480.5049780273437
SBILIFE.NS,2024-07,1753.6500244140625,1672.3880236816406
SBILIFE.NS,2024-08,1850.300048828125,1834.7745288085937
SBILIFE.NS,2024-09,1844.0,1848.4505004882812
SBILIFE.NS,2024-10,1622.1500244140625,1707.016025390625
SBILIFE.NS,2024-11,1437.75,1431.7380065917969
SBILIFE.NS,2024-12,1448.550048828125,1418.268536376953
INDUSINDBK.NS,2024-01,1534.050048828125,1566.1410375976564
INDUSINDBK.NS,2024-02,1474.9000244140625,1512.322022705078
INDUSINDBK.NS,2024-03,1553.0,1537.1995092773439
INDUSINDBK.NS,2024-04,1515.699951171875,1478.0725048828126
INDUSINDBK.NS,2024-05,1461.8499755859375,1484.618240966797
INDUSINDBK.NS,2024-06,1464.5,1486.6380102539063
INDUSINDBK.NS,2024-07,1427.800048828125,1449.3905432128906
INDUSINDBK.NS,2024-08,1425.25,1472.2960021972656
INDUSINDBK.NS,2024-09,1447.5999755859375,1510.6655017089843
INDUSINDBK.NS,2024-10,1055.5999755859375,1161.139490966797
INDUSINDBK.NS,2024-11,995.8499755859375,1056.1194909667968
INDUSINDBK.NS,2024-12,990.3499755859375,992.0984832763672
AMBUJACEM.NS,2024-01,560.2999877929688,550.7069885253907
AMBUJACEM.NS,2024-02,605.9000244140625,535.6180001831054
AMBUJACEM.NS,2024-03,612.3499755859375,607.3564910888672
AMBUJACEM.NS,2024-04,619.9000244140625,614.3045147705078
AMBUJACEM.NS,2024-05,634.0499877929688,627.1219976806641
AMBUJACEM.NS,2024-06,670.25,664.2465002441406
AMBUJACEM.NS,2024-07,679.9500122070312,680.0785070800781
AMBUJACEM.NS,2024-08,617.0499877929688,655.3750048828125
AMBUJACEM.NS,2024-09,632.5499877929688,623.0524926757812
AMBUJACEM.NS,2024-10,580.5499877929688,590.9534948730469
AMBUJACEM.NS,2024-11,531.5,543.1369967651367
AMBUJACEM.NS,2024-12,565.2999877929688,553.2709976196289
DIVISLAB.NS,2024-01,3670.60009765625,3709.088552246094
DIVISLAB.NS,2024-02,3488.800048828125,3576.18751953125
DIVISLAB.NS,2024-03,3445.300048828125,3522.77951171875
DIVISLAB.NS,2024-04,4002.39990234375,3509.2304345703124
DIVISLAB.NS,2024-05,4307.2001953125,4316.208623046875
DIVISLAB.NS,2024-06,4596.4501953125,4538.8090307617185
DIVISLAB.NS,2024-07,4923.2001953125,4825.892651367188
DIVISLAB.NS,2024-08,5093.89990234375,5059.430434570312
DIVISLAB.NS,2024-09,5443.35009765625,5194.166030273437
DIVISLAB.NS,2024-10,5889.64990234375,5275.505908203125
DIVISLAB.NS,2024-11,6172.7001953125,6246.8966064453125
DIVISLAB.NS,2024-12,6130.75,6175.153999023438
HDFCAMC.NS,2024-01,3581.5,3498.0090063476564
HDFCAMC.NS,2024-02,3753.0,3660.56294921875
HDFCAMC.NS,2024-03,3754.10009765625,3776.972058105469
HDFCAMC.NS,2024-04,3894.64990234375,3813.3664477539064
HDFCAMC.NS,2024-05,3884.300048828125,3879.901013183594
HDFCAMC.NS,2024-06,3993.300048828125,4056.4125537109376
HDFCAMC.NS,2024-07,4114.25,4150.791044921875
HDFCAMC.NS,2024-08,4420.5,4383.954501953125
HDFCAMC.NS,2024-09,4299.2998046875,4644.151062011719
HDFCAMC.NS,2024-10,4299.4501953125,4715.738081054687
HDFCAMC.NS,2024-11,4204.25,4429.517504882812
HDFCAMC.NS,2024-12,4363.89990234375,4365.330930175781
MOTHERSON.NS,2024-01,113.25,119.47710037231445
MOTHERSON.NS,2024-02,119.19999694824219,119.77739799499511
MOTHERSON.NS,2024-03,117.0999984741211,118.97089797973632
MOTHERSON.NS,2024-04,131.1999969482422,126.52439735412598
MOTHERSON.NS,2024-05,151.25,146.76189987182616
MOTHERSON.NS,2024-06,190.30999755859375,176.33139678955078
MOTHERSON.NS,2024-07,196.57000732421875,197.18150497436523
MOTHERSON.NS,2024-08,195.27999877929688,196.64810165405274
MOTHERSON.NS,2024-09,211.38999938964844,203.46670043945312
MOTHERSON.NS,2024-10,180.9499969482422,194.89240036010742
MOTHERSON.NS,2024-11,162.4600067138672,184.9109016418457
MOTHERSON.NS,2024-12,170.38999938964844,165.93579833984376
GLENMARK.NS,2024-01,910.2000122070312,889.5110107421875
GLENMARK.NS,2024-02,925.0999755859375,899.4260101318359
GLENMARK.NS,2024-03,958.4500122070312,961.052006225586
GLENMARK.NS,2024-04,1057.199951171875,1003.6485046386719
GLENMARK.NS,2024-05,1160.3499755859375,1127.3999853515625
GLENMARK.NS,2024-06,1230.5,1226.1432983398438
GLENMARK.NS,2024-07,1468.75,1376.1737951660157
GLENMARK.NS,2024-08,1731.75,1621.4147607421876
GLENMARK.NS,2024-09,1673.5,1648.5054992675782
GLENMARK.NS,2024-10,1694.550048828125,1666.5640270996093
GLENMARK.NS,2024-11,1528.6500244140625,1550.1085168457032
GLENMARK.NS,2024-12,1528.0999755859375,1537.76798828125
GODREJCP.NS,2024-01,1164.199951171875,1151.2492712402343
GODREJCP.NS,2024-02,1257.699951171875,1248.723096923828
GODREJCP.NS,2024-03,1251.800048828125,1302.1171228027345
GODREJCP.NS,2024-04,1219.5,1284.6393139648437
GODREJCP.NS,2024-05,1270.3499755859375,1266.7752868652344
GODREJCP.NS,2024-06,1375.8499755859375,1380.4199768066405
GODREJCP.NS,2024-07,1440.75,1445.448497314453
GODREJCP.NS,2024-08,1481.199951171875,1504.5574633789063
GODREJCP.NS,2024-09,1393.4000244140625,1477.937706298828
GODREJCP.NS,2024-10,1283.1500244140625,1234.7795153808593
GODREJCP.NS,2024-11,1244.6500244140625,1266.1710107421875
GODREJCP.NS,2024-12,1235.449951171875,1227.1164807128907
TATASTEEL.NS,2024-01,135.9499969482422,140.12429870605467
TATASTEEL.NS,2024-02,140.85000610351562,140.68030334472655
TATASTEEL.NS,2024-03,155.85000610351562,153.9005047607422
TATASTEEL.NS,2024-04,165.0,153.83760040283204
TATASTEEL.NS,2024-05,167.1999969482422,169.3213977050781
TATASTEEL.NS,2024-06,174.00999450683594,176.46619674682617
TATASTEEL.NS,2024-07,165.3300018310547,170.99389968872072
TATASTEEL.NS,2024-08,152.75999450683594,153.7555958557129
TATASTEEL.NS,2024-09,168.5500030517578,157.84190139770507
TATASTEEL.NS,2024-10,148.55999755859375,163.55049774169922
TATASTEEL.NS,2024-11,144.5399932861328,149.26319564819335
TATASTEEL.NS,2024-12,148.2899932861328,146.4434963989258
DRL.NS,2024-01,17.450000762939453,20.303500270843507
DRL.NS,2024-02,23.899999618530273,23.149499816894533
DRL.NS,2024-03,26.350000381469727,24.600499801635742
DRL.NS,2024-04,26.350000381469727,26.37429967880249
DRL.NS,2024-05,26.649999618530273,26.45779968261719
DRL.NS,2024-06,26.649999618530273,26.146299724578856
DRL.NS,2024-07,21.600000381469727,23.78730007171631
DRL.NS,2024-08,18.0,19.792100048065187
DRL.NS,2024-09,13.0,16.26310001373291
DRL.NS,2024-10,14.25,14.35949993133545
DRL.NS,2024-11,12.899999618530273,14.344499874114991
DRL.NS,2024-12,12.899999618530273,14.344499874114991
WIPRO.NS,2024-01,239.0749969482422,241.35324630737304
WIPRO.NS,2024-02,259.29998779296875,257.6492399597168
WIPRO.NS,2024-03,240.0500030517578,242.57750198364258
WIPRO.NS,2024-04,231.1999969482422,235.27949768066406
WIPRO.NS,2024-05,219.10000610351562,222.1124055480957
WIPRO.NS,2024-06,257.42498779296875,253.61873992919922
WIPRO.NS,2024-07,261.0,262.035500793457
WIPRO.NS,2024-08,269.20001220703125,268.32811126708987
WIPRO.NS,2024-09,270.7250061035156,269.95800537109375
WIPRO.NS,2024-10,275.8999938964844,280.8064956665039
WIPRO.NS,2024-11,288.92498779296875,288.27148864746096
WIPRO.NS,2024-12,297.3500061035156,295.6637551879883
BRITANNIA.NS,2024-01,5198.39990234375,5241.891391601563
BRITANNIA.NS,2024-02,4965.2001953125,5095.830986328125
BRITANNIA.NS,2024-03,4911.25,4922.689985351562
BRITANNIA.NS,2024-04,4775.9501953125,4895.940986328125
BRITANNIA.NS,2024-05,5179.7998046875,5066.94140625
BRITANNIA.NS,2024-06,5475.5498046875,5258.548505859375
BRITANNIA.NS,2024-07,5784.4501953125,5759.1151123046875
BRITANNIA.NS,2024-08,5855.25,5719.41498046875
BRITANNIA.NS,2024-09,6338.14990234375,6441.5984765625
BRITANNIA.NS,2024-10,5726.89990234375,6078.517451171875
BRITANNIA.NS,2024-11,4941.14990234375,5108.42591796875
BRITANNIA.NS,2024-12,4870.85009765625,4717.28953125
LUPIN.NS,2024-01,1505.3499755859375,1455.3884814453124
LUPIN.NS,2024-02,1621.050048828125,1578.6782849121093
LUPIN.NS,2024-03,1616.800048828125,1617.293515625
LUPIN.NS,2024-04,1645.9000244140625,1619.8340100097657
LUPIN.NS,2024-05,1582.550048828125,1587.0570324707032
LUPIN.NS,2024-06,1621.3499755859375,1548.445855957031
LUPIN.NS,2024-07,1911.8499755859375,1817.0632348632812
LUPIN.NS,2024-08,2240.199951171875,1908.0239660644531
LUPIN.NS,2024-09,2191.10009765625,2207.03205078125
LUPIN.NS,2024-10,2186.949951171875,2168.0924743652345
LUPIN.NS,2024-11,2050.75,2106.6714892578125
LUPIN.NS,2024-12,2133.550048828125,2051.3305334472657
GODREJPROP.NS,2024-01,2377.14990234375,2205.8244372558593
GODREJPROP.NS,2024-02,2398.050048828125,2439.550546875
GODREJPROP.NS,2024-03,2300.10009765625,2312.371591796875
GODREJPROP.NS,2024-04,2647.60009765625,2544.25458984375
GODREJPROP.NS,2024-05,2778.699951171875,2695.951975097656
GODREJPROP.NS,2024-06,3207.89990234375,2895.934990234375
GODREJPROP.NS,2024-07,3219.550048828125,3356.5255224609373
GODREJPROP.NS,2024-08,2909.25,3035.5835034179686
GODREJPROP.NS,2024-09,3160.949951171875,3001.4685302734374
GODREJPROP.NS,2024-10,2875.699951171875,2949.3964453125
GODREJPROP.NS,2024-11,2776.14990234375,2756.362458496094
GODREJPROP.NS,2024-12,2840.699951171875,2830.9979638671875
JINDALSTEL.NS,2024-01,757.1500244140625,750.835498046875
JINDALSTEL.NS,2024-02,776.25,764.7244982910156
JINDALSTEL.NS,2024-03,849.1500244140625,836.2365161132813
JINDALSTEL.NS,2024-04,929.6500244140625,909.7765191650391
JINDALSTEL.NS,2024-05,1028.1500244140625,1009.5505169677734
JINDALSTEL.NS,2024-06,1044.4000244140625,1049.1115112304688
JINDALSTEL.NS,2024-07,988.25,1036.4044982910157
JINDALSTEL.NS,2024-08,970.4000244140625,981.6565155029297
JINDALSTEL.NS,2024-09,1039.6500244140625,1023.1675219726562
JINDALSTEL.NS,2024-10,920.5,947.2085076904297
JINDALSTEL.NS,2024-11,906.4500122070312,923.9505017089843
JINDALSTEL.NS,2024-12,949.0999755859375,934.9504895019531
SHREECEM.NS,2024-01,28556.25,27679.51896484375
SHREECEM.NS,2024-02,25504.400390625,27679.51896484375
SHREECEM.NS,2024-03,25682.849609375,26164.799765625
SHREECEM.NS,2024-04,24444.849609375,25799.443359375
SHREECEM.NS,2024-05,24680.599609375,25281.3782421875
SHREECEM.NS,2024-06,27870.400390625,27058.984140625
SHREECEM.NS,2024-07,27740.44921875,26945.62158203125
SHREECEM.NS,2024-08,25482.0,25898.62955078125
SHREECEM.NS,2024-09,26308.900390625,26372.7976953125
SHREECEM.NS,2024-10,25072.150390625,25530.19474609375
SHREECEM.NS,2024-11,26076.44921875,26428.32369140625
SHREECEM.NS,2024-12,27076.650390625,25510.2161328125
MARICO.NS,2024-01,527.8499755859375,532.8999835205078
MARICO.NS,2024-02,522.5999755859375,531.6644836425781
MARICO.NS,2024-03,497.20001220703125,530.677494506836
MARICO.NS,2024-04,518.0,516.1609985351563
MARICO.NS,2024-05,595.5499877929688,565.0114883422851
MARICO.NS,2024-06,613.0,674.2889984130859
MARICO.NS,2024-07,674.0999755859375,632.982998046875
MARICO.NS,2024-08,647.1500244140625,655.4885144042969
MARICO.NS,2024-09,695.4000244140625,661.447015991211
MARICO.NS,2024-10,640.0,657.4529998779296
MARICO.NS,2024-11,644.9500122070312,631.1965124511719
MARICO.NS,2024-12,633.6500244140625,631.1720184326172
BANKBARODA.NS,2024-01,247.60000610351562,250.49750030517578
BANKBARODA.NS,2024-02,265.45001220703125,271.23250579833984
BANKBARODA.NS,2024-03,264.04998779296875,265.72498962402346
BANKBARODA.NS,2024-04,281.5,267.96824661254885
BANKBARODA.NS,2024-05,264.8999938964844,286.9035055541992
BANKBARODA.NS,2024-06,275.3999938964844,299.43924591064456
BANKBARODA.NS,2024-07,253.64999389648438,266.16499969482425
BANKBARODA.NS,2024-08,250.10000610351562,249.38330459594727
BANKBARODA.NS,2024-09,247.8000030517578,250.28965225219727
BANKBARODA.NS,2024-10,250.9600067138672,250.8296044921875
BANKBARODA.NS,2024-11,246.39999389648438,250.76329742431642
BANKBARODA.NS,2024-12,264.6000061035156,258.716104888916
ADANIPORTS.NS,2024-01,1207.6500244140625,1176.8380157470704
ADANIPORTS.NS,2024-02,1320.5,1298.9716076660156
ADANIPORTS.NS,2024-03,1341.8499755859375,1372.8519702148437
ADANIPORTS.NS,2024-04,1324.9000244140625,1346.6875207519531
ADANIPORTS.NS,2024-05,1437.4000244140625,1393.9885009765626
ADANIPORTS.NS,2024-06,1478.0999755859375,1548.445855957031
ADANIPORTS.NS,2024-07,1569.9000244140625,1560.5164782714844
ADANIPORTS.NS,2024-08,1481.9000244140625,1533.67751953125
ADANIPORTS.NS,2024-09,1448.199951171875,1469.033720703125
ADANIPORTS.NS,2024-10,1375.949951171875,1371.1819873046875
ADANIPORTS.NS,2024-11,1190.050048828125,1240.7810290527343
ADANIPORTS.NS,2024-12,1259.050048828125,1243.4735314941406
COLPAL.NS,2024-01,2569.10009765625,2531.77607421875
COLPAL.NS,2024-02,2526.75,2538.48451171875
COLPAL.NS,2024-03,2710.35009765625,2666.4485864257813
COLPAL.NS,2024-04,2824.85009765625,2771.8980712890625
COLPAL.NS,2024-05,2657.35009765625,2751.2985571289064
COLPAL.NS,2024-06,2843.14990234375,2813.7314404296876
COLPAL.NS,2024-07,3412.10009765625,3263.5140576171875
COLPAL.NS,2024-08,3640.35009765625,3483.381989746094
COLPAL.NS,2024-09,3804.5,3707.6125073242188
COLPAL.NS,2024-10,3062.5,3219.7735009765624
COLPAL.NS,2024-11,2889.75,2826.6800146484375
COLPAL.NS,2024-12,2886.800048828125,2847.6855053710938
JSWSTEEL.NS,2024-01,818.6500244140625,859.7555200195312
JSWSTEEL.NS,2024-02,800.0999755859375,826.516488647461
JSWSTEEL.NS,2024-03,830.2000122070312,833.65951171875
JSWSTEEL.NS,2024-04,882.2000122070312,888.2500134277344
JSWSTEEL.NS,2024-05,880.5499877929688,881.1439971923828
JSWSTEEL.NS,2024-06,931.5,920.6565002441406
JSWSTEEL.NS,2024-07,928.25,968.4385046386719
JSWSTEEL.NS,2024-08,941.0999755859375,941.9294903564453
JSWSTEEL.NS,2024-09,1030.050048828125,1005.4150280761719
JSWSTEEL.NS,2024-10,963.6500244140625,957.4715155029297
JSWSTEEL.NS,2024-11,966.0,989.9090057373047
JSWSTEEL.NS,2024-12,1003.7999877929688,996.4024871826172
SBICARD.NS,2024-01,715.3499755859375,766.5449896240234
SBICARD.NS,2024-02,719.6500244140625,725.3255102539063
SBICARD.NS,2024-03,682.5499877929688,729.6815051269531
SBICARD.NS,2024-04,728.2999877929688,715.3079913330079
SBICARD.NS,2024-05,692.0999755859375,707.7374822998047
SBICARD.NS,2024-06,724.5999755859375,721.8424871826172
SBICARD.NS,2024-07,726.8499755859375,718.336484375
SBICARD.NS,2024-08,723.2000122070312,724.1005078125
SBICARD.NS,2024-09,773.7000122070312,760.8670074462891
SBICARD.NS,2024-10,688.4000244140625,727.9495129394531
SBICARD.NS,2024-11,700.5999755859375,683.1189892578125
SBICARD.NS,2024-12,717.4000244140625,714.6100146484375
IOC.NS,2024-01,146.9499969482422,141.9608006286621
IOC.NS,2024-02,165.5500030517578,160.22280334472657
IOC.NS,2024-03,167.75,167.35409912109375
IOC.NS,2024-04,168.85000610351562,170.21059997558595
IOC.NS,2024-05,162.39999389648438,174.4717951965332
IOC.NS,2024-06,165.6300048828125,171.19950103759766
IOC.NS,2024-07,181.6699981689453,174.96979782104492
IOC.NS,2024-08,176.97000122070312,172.4627000427246
IOC.NS,2024-09,180.14999389648438,168.95199935913087
IOC.NS,2024-10,142.6199951171875,154.10689697265624
IOC.NS,2024-11,138.6300048828125,140.15660110473632
IOC.NS,2024-12,141.9600067138672,138.67210372924805
MUTHOOTFIN.NS,2024-01,1394.949951171875,1427.6739794921875
MUTHOOTFIN.NS,2024-02,1303.75,1411.1102319335937
MUTHOOTFIN.NS,2024-03,1480.449951171875,1429.677960205078
MUTHOOTFIN.NS,2024-04,1720.6500244140625,1645.520771484375
MUTHOOTFIN.NS,2024-05,1683.449951171875,1715.8534643554688
MUTHOOTFIN.NS,2024-06,1795.8499755859375,1735.4839831542968
MUTHOOTFIN.NS,2024-07,1838.0999755859375,1833.1144799804688
MUTHOOTFIN.NS,2024-08,1965.8499755859375,1908.4339929199218
MUTHOOTFIN.NS,2024-09,2031.8499755859375,1972.018477783203
MUTHOOTFIN.NS,2024-10,1930.449951171875,1895.1334692382814
MUTHOOTFIN.NS,2024-11,1917.050048828125,1892.7205249023436
MUTHOOTFIN.NS,2024-12,1951.550048828125,1920.5785205078125
TATACHEM.NS,2024-01,1028.050048828125,1069.0960290527344
TATACHEM.NS,2024-02,939.2000122070312,994.1980017089844
TATACHEM.NS,2024-03,1080.9000244140625,1060.2290185546874
TATACHEM.NS,2024-04,1072.1500244140625,1089.9940222167968
TATACHEM.NS,2024-05,1030.1500244140625,1068.1215197753907
TATACHEM.NS,2024-06,1103.0999755859375,1099.6674841308593
TATACHEM.NS,2024-07,1119.6500244140625,1098.1375207519532
TATACHEM.NS,2024-08,1082.6500244140625,1056.71501953125
TATACHEM.NS,2024-09,1091.0999755859375,1062.1159936523438
TATACHEM.NS,2024-10,1148.9000244140625,1131.2395153808593
TATACHEM.NS,2024-11,1111.75,1132.8473046875
TATACHEM.NS,2024-12,1119.5,1136.2795153808593
SUNDARMFIN.NS,2024-01,3567.64990234375,3550.0549633789065
SUNDARMFIN.NS,2024-02,4169.5498046875,3928.2013647460935
SUNDARMFIN.NS,2024-03,4138.7001953125,4304.6260986328125
SUNDARMFIN.NS,2024-04,4745.9501953125,4550.124150390625
SUNDARMFIN.NS,2024-05,4287.5498046875,4543.24392578125
SUNDARMFIN.NS,2024-06,4691.89990234375,4685.4649609375
SUNDARMFIN.NS,2024-07,4325.14990234375,4578.560522460937
SUNDARMFIN.NS,2024-08,5050.60009765625,4814.5250634765625
SUNDARMFIN.NS,2024-09,5271.14990234375,5163.381435546875
SUNDARMFIN.NS,2024-10,4804.25,5009.927485351563
SUNDARMFIN.NS,2024-11,3968.39990234375,4213.78642578125
SUNDARMFIN.NS,2024-12,4165.5,4193.5045166015625
HCLTECH.NS,2024-01,1576.0,1540.7084997558593
HCLTECH.NS,2024-02,1663.8499755859375,1649.768497314453
HCLTECH.NS,2024-03,1543.550048828125,1590.5005249023438
HCLTECH.NS,2024-04,1366.5999755859375,1469.668250732422
HCLTECH.NS,2024-05,1324.0999755859375,1351.372490234375
HCLTECH.NS,2024-06,1459.5999755859375,1446.2774792480468
HCLTECH.NS,2024-07,1642.5999755859375,1578.079482421875
HCLTECH.NS,2024-08,1753.25,1715.3315075683595
HCLTECH.NS,2024-09,1796.0999755859375,1809.8914831542968
HCLTECH.NS,2024-10,1766.050048828125,1772.711024169922
HCLTECH.NS,2024-11,1848.050048828125,1655.740975341797
HCLTECH.NS,2024-12,1922.699951171875,1931.5144775390625
BAJAJFINSV.NS,2024-01,1627.300048828125,1600.1670483398439
BAJAJFINSV.NS,2024-02,1593.800048828125,1620.6210302734376
BAJAJFINSV.NS,2024-03,1643.8499755859375,1664.967490234375
BAJAJFINSV.NS,2024-04,1615.0,1586.86951171875
BAJAJFINSV.NS,2024-05,1528.5999755859375,1709.874248046875
BAJAJFINSV.NS,2024-06,1588.1500244140625,1609.7060185546877
BAJAJFINSV.NS,2024-07,1651.6500244140625,1637.237764892578
BAJAJFINSV.NS,2024-08,1783.050048828125,1696.3130346679689
BAJAJFINSV.NS,2024-09,1973.4000244140625,1940.9075170898439
BAJAJFINSV.NS,2024-10,1750.75,1821.6344970703126
BAJAJFINSV.NS,2024-11,1579.949951171875,1637.6014636230468
BAJAJFINSV.NS,2024-12,1635.199951171875,1606.5237768554687
EICHERMOT.NS,2024-01,3839.60009765625,3960.6315673828126
EICHERMOT.NS,2024-02,3792.39990234375,3851.4424658203125
EICHERMOT.NS,2024-03,4019.300048828125,3914.498544921875
EICHERMOT.NS,2024-04,4597.39990234375,4334.229943847657
EICHERMOT.NS,2024-05,4733.4501953125,4746.487138671875
EICHERMOT.NS,2024-06,4672.9501953125,4744.432114257813
EICHERMOT.NS,2024-07,4962.7001953125,4831.923637695312
EICHERMOT.NS,2024-08,4960.5,5037.648974609375
EICHERMOT.NS,2024-09,5026.25,5025.610981445312
EICHERMOT.NS,2024-10,4894.64990234375,4862.581958007812
EICHERMOT.NS,2024-11,4831.85009765625,4816.9405078125
EICHERMOT.NS,2024-12,4877.0498046875,4704.455859375
SAIL.NS,2024-01,122.5,123.5106997680664
SAIL.NS,2024-02,121.19999694824219,120.42489738464356
SAIL.NS,2024-03,134.25,138.26510070800782
SAIL.NS,2024-04,164.1999969482422,154.0397978210449
SAIL.NS,2024-05,158.5,159.9812989807129
SAIL.NS,2024-06,148.64999389648438,159.65259567260742
SAIL.NS,2024-07,153.0399932861328,158.51359466552734
SAIL.NS,2024-08,133.69000244140625,142.81940032958985
SAIL.NS,2024-09,141.36000061035156,140.09160049438478
SAIL.NS,2024-10,115.75,123.29929992675781
SAIL.NS,2024-11,117.11000061035156,119.70720077514649
SAIL.NS,2024-12,123.88999938964844,124.17359954833984
TORNTPHARM.NS,2024-01,2531.10009765625,2515.1670922851563
TORNTPHARM.NS,2024-02,2666.10009765625,2647.3445825195313
TORNTPHARM.NS,2024-03,2600.60009765625,2651.5170703125
TORNTPHARM.NS,2024-04,2642.550048828125,2653.560549316406
TORNTPHARM.NS,2024-05,2696.050048828125,2696.7275317382814
TORNTPHARM.NS,2024-06,2791.300048828125,2759.679533691406
TORNTPHARM.NS,2024-07,3171.75,3134.3005029296874
TORNTPHARM.NS,2024-08,3485.14990234375,3460.035925292969
TORNTPHARM.NS,2024-09,3396.550048828125,3460.4180419921877
TORNTPHARM.NS,2024-10,3202.64990234375,3253.6339477539063
TORNTPHARM.NS,2024-11,3324.199951171875,3194.734953613281
TORNTPHARM.NS,2024-12,3332.5,3329.5185009765623
EXIDEIND.NS,2024-01,334.95001220703125,333.7265087890625
EXIDEIND.NS,2024-02,320.29998779296875,357.68100311279295
EXIDEIND.NS,2024-03,304.54998779296875,313.5139956665039
EXIDEIND.NS,2024-04,472.3999938964844,413.445498046875
EXIDEIND.NS,2024-05,488.25,442.0039956665039
EXIDEIND.NS,2024-06,564.5,528.0060055541992
EXIDEIND.NS,2024-07,523.2999877929688,540.8879895019531
EXIDEIND.NS,2024-08,492.8999938964844,504.99250244140626
EXIDEIND.NS,2024-09,502.54998779296875,500.1199923706055
EXIDEIND.NS,2024-10,455.45001220703125,504.7965017700195
EXIDEIND.NS,2024-11,452.6000061035156,448.500505065918
EXIDEIND.NS,2024-12,462.70001220703125,454.5165087890625
BATAINDIA.NS,2024-01,1488.449951171875,1608.6005297851561
BATAINDIA.NS,2024-02,1409.550048828125,1444.1760095214843
BATAINDIA.NS,2024-03,1364.199951171875,1402.9494799804688
BATAINDIA.NS,2024-04,1369.1500244140625,1367.5440197753906
BATAINDIA.NS,2024-05,1365.449951171875,1355.994990234375
BATAINDIA.NS,2024-06,1513.75,1463.5385009765625
BATAINDIA.NS,2024-07,1596.300048828125,1573.1862841796874
BATAINDIA.NS,2024-08,1452.6500244140625,1568.6970178222657
BATAINDIA.NS,2024-09,1439.699951171875,1450.4559741210937
BATAINDIA.NS,2024-10,1355.6500244140625,1328.6650219726562
BATAINDIA.NS,2024-11,1410.8499755859375,1362.8279760742187
BATAINDIA.NS,2024-12,1447.0,1437.5370104980468
ICRA.NS,2024-01,5493.89990234375,5518.510947265625
ICRA.NS,2024-02,5878.0,5784.66349609375
ICRA.NS,2024-03,5444.10009765625,5452.470043945313
ICRA.NS,2024-04,5292.2998046875,5480.10041015625
ICRA.NS,2024-05,5620.64990234375,5511.384907226562
ICRA.NS,2024-06,5834.5498046875,5760.331879882812
ICRA.NS,2024-07,5614.14990234375,5631.719482421875
ICRA.NS,2024-08,5991.2998046875,5826.397905273438
ICRA.NS,2024-09,7237.7001953125,6815.770073242187
ICRA.NS,2024-10,7196.9501953125,6981.7396630859375
ICRA.NS,2024-11,6847.7001953125,6863.619677734375
ICRA.NS,2024-12,6698.85009765625,6387.045541992187
MANAPPURAM.NS,2024-01,184.75,176.19249908447264
MANAPPURAM.NS,2024-02,176.1999969482422,203.20529907226563
MANAPPURAM.NS,2024-03,173.14999389648438,173.86449630737306
MANAPPURAM.NS,2024-04,200.14999389648438,201.39279754638673
MANAPPURAM.NS,2024-05,168.64999389648438,202.69750411987306
MANAPPURAM.NS,2024-06,207.89999389648438,193.43879455566406
MANAPPURAM.NS,2024-07,214.0,212.50485107421875
MANAPPURAM.NS,2024-08,215.9499969482422,214.0279981994629
MANAPPURAM.NS,2024-09,201.35000610351562,207.1230046081543
MANAPPURAM.NS,2024-10,157.0500030517578,177.07310333251954
MANAPPURAM.NS,2024-11,156.25999450683594,156.5541958618164
MANAPPURAM.NS,2024-12,167.85000610351562,157.6612969970703
BLUESTARCO.NS,2024-01,1139.5,1097.4000030517577
BLUESTARCO.NS,2024-02,1270.25,1267.594295654297
BLUESTARCO.NS,2024-03,1273.699951171875,1306.7494567871095
BLUESTARCO.NS,2024-04,1496.1500244140625,1423.1084631347655
BLUESTARCO.NS,2024-05,1576.449951171875,1535.415968017578
BLUESTARCO.NS,2024-06,1634.550048828125,1606.3235275878906
BLUESTARCO.NS,2024-07,1723.699951171875,1695.084971923828
BLUESTARCO.NS,2024-08,1703.9000244140625,1697.8210046386719
BLUESTARCO.NS,2024-09,2063.699951171875,1609.61099609375
BLUESTARCO.NS,2024-10,1871.050048828125,2133.0544873046874
BLUESTARCO.NS,2024-11,1853.0999755859375,1848.5409948730469
BLUESTARCO.NS,2024-12,2082.050048828125,1991.00103515625
DABUR.NS,2024-01,539.5999755859375,539.5874865722657
DABUR.NS,2024-02,538.1500244140625,537.3035086059571
DABUR.NS,2024-03,523.1500244140625,525.6255078125
DABUR.NS,2024-04,507.75,520.8669964599609
DABUR.NS,2024-05,545.0999755859375,548.741982421875
DABUR.NS,2024-06,600.7000122070312,589.5765075683594
DABUR.NS,2024-07,635.7000122070312,620.0595025634766
DABUR.NS,2024-08,637.1500244140625,630.0175189208984
DABUR.NS,2024-09,625.2000122070312,618.4700103759766
DABUR.NS,2024-10,540.0,568.9744970703125
DABUR.NS,2024-11,527.1500244140625,539.3400177001953
DABUR.NS,2024-12,523.7999877929688,547.652998046875
ALKEM.NS,2024-01,4996.0498046875,5056.102998046875
ALKEM.NS,2024-02,5127.35009765625,4572.857919921875
ALKEM.NS,2024-03,4942.0,5048.093999023437
ALKEM.NS,2024-04,4833.0498046875,5032.591005859375
ALKEM.NS,2024-05,4810.4501953125,4933.691049804687
ALKEM.NS,2024-06,4991.35009765625,4894.394057617187
ALKEM.NS,2024-07,5309.5,5210.809985351562
ALKEM.NS,2024-08,6170.35009765625,5736.369497070313
ALKEM.NS,2024-09,6052.7998046875,6303.970893554688
ALKEM.NS,2024-10,5779.25,6215.23490234375
ALKEM.NS,2024-11,5642.4501953125,5510.440600585937
ALKEM.NS,2024-12,5505.39990234375,5352.10041015625
TATAPOWER.NS,2024-01,389.75,367.0425033569336
TATAPOWER.NS,2024-02,371.75,378.77600250244143
TATAPOWER.NS,2024-03,394.20001220703125,392.9180075073242
TATAPOWER.NS,2024-04,449.25,432.39100555419924
TATAPOWER.NS,2024-05,436.75,441.6785003662109
TATAPOWER.NS,2024-06,440.6000061035156,438.9160028076172
TATAPOWER.NS,2024-07,453.6000061035156,482.9885037231445
TATAPOWER.NS,2024-08,434.6499938964844,437.5914959716797
TATAPOWER.NS,2024-09,482.6000061035156,538.765002746582
TATAPOWER.NS,2024-10,440.04998779296875,469.64599548339845
TATAPOWER.NS,2024-11,414.1499938964844,423.8404977416992
TATAPOWER.NS,2024-12,439.70001220703125,422.88150817871093
VSTTILLERS.NS,2024-01,3331.25,3465.0935009765626
VSTTILLERS.NS,2024-02,3279.35009765625,3322.7730712890625
VSTTILLERS.NS,2024-03,3239.85009765625,3317.204052734375
VSTTILLERS.NS,2024-04,3664.550048828125,3579.7775415039064
VSTTILLERS.NS,2024-05,3277.199951171875,3424.883474121094
VSTTILLERS.NS,2024-06,4171.9501953125,3849.342600097656
VSTTILLERS.NS,2024-07,4248.7001953125,4315.381640625
VSTTILLERS.NS,2024-08,4273.64990234375,4309.8964453125
VSTTILLERS.NS,2024-09,4617.35009765625,4394.5494921875
VSTTILLERS.NS,2024-10,4466.25,4551.2635107421875
VSTTILLERS.NS,2024-11,4800.5498046875,4710.003862304688
VSTTILLERS.NS,2024-12,5048.5,4709.163071289063
TORNTPHARM.NS,2024-01,2531.10009765625,2515.1670922851563
TORNTPHARM.NS,2024-02,2666.10009765625,2647.3445825195313
TORNTPHARM.NS,2024-03,2600.60009765625,2651.5170703125
TORNTPHARM.NS,2024-04,2642.550048828125,2653.560549316406
TORNTPHARM.NS,2024-05,2696.050048828125,2696.7275317382814
TORNTPHARM.NS,2024-06,2791.300048828125,2759.679533691406
TORNTPHARM.NS,2024-07,3171.75,3134.3005029296874
TORNTPHARM.NS,2024-08,3485.14990234375,3460.035925292969
TORNTPHARM.NS,2024-09,3396.550048828125,3460.4180419921877
TORNTPHARM.NS,2024-10,3202.64990234375,3253.6339477539063
TORNTPHARM.NS,2024-11,3324.199951171875,3194.734953613281
TORNTPHARM.NS,2024-12,3332.5,3329.5185009765623
EDELWEISS.NS,2024-01,70.19999694824219,74.35799774169922
EDELWEISS.NS,2024-02,75.80000305175781,78.43469890594483
EDELWEISS.NS,2024-03,63.54999923706055,72.30949874877929
EDELWEISS.NS,2024-04,78.75,76.04729959487915
EDELWEISS.NS,2024-05,71.75,76.47759885787964
EDELWEISS.NS,2024-06,65.19999694824219,77.06799909591675
EDELWEISS.NS,2024-07,69.77999877929688,76.93939924240112
EDELWEISS.NS,2024-08,109.36000061035156,96.47600019454956
EDELWEISS.NS,2024-09,142.0500030517578,134.11450271606446
EDELWEISS.NS,2024-10,109.52999877929688,124.38019989013672
EDELWEISS.NS,2024-11,122.91000366210938,124.33750274658203
EDELWEISS.NS,2024-12,129.24000549316406,130.0153030395508
KESORAMIND.NS,2024-01,170.75,176.18850006103514
KESORAMIND.NS,2024-02,169.10000610351562,169.18290328979492
KESORAMIND.NS,2024-03,171.14999389648438,174.43279602050782
KESORAMIND.NS,2024-04,181.25,177.89079818725585
KESORAMIND.NS,2024-05,180.85000610351562,190.4396044921875
KESORAMIND.NS,2024-06,209.99000549316406,204.54270492553712
KESORAMIND.NS,2024-07,217.14999389648438,216.01034576416015
KESORAMIND.NS,2024-08,208.85000610351562,218.14840301513672
KESORAMIND.NS,2024-09,223.99000549316406,217.07650451660157
KESORAMIND.NS,2024-10,211.3000030517578,234.05429748535155
KESORAMIND.NS,2024-11,216.99000549316406,209.2017041015625
KESORAMIND.NS,2024-12,228.83999633789062,232.9153483581543
THERMAX.NS,2024-01,3181.25,3060.2879858398437
THERMAX.NS,2024-02,3637.25,3023.913994140625
THERMAX.NS,2024-03,4192.35009765625,3696.9869360351563
THERMAX.NS,2024-04,4669.60009765625,4600.268100585938
THERMAX.NS,2024-05,5404.64990234375,5133.812426757812
THERMAX.NS,2024-06,5351.0,5438.816015625
THERMAX.NS,2024-07,5071.7998046875,5305.5713671875
THERMAX.NS,2024-08,4372.7998046875,4755.129389648438
THERMAX.NS,2024-09,5100.2001953125,4809.976110839843
THERMAX.NS,2024-10,4925.4501953125,4940.543046875
THERMAX.NS,2024-11,4590.10009765625,4651.4191015625
THERMAX.NS,2024-12,4655.0,4648.63548828125
NLCINDIA.NS,2024-01,259.29998779296875,256.7610917663574
NLCINDIA.NS,2024-02,222.4499969482422,242.15975051879883
NLCINDIA.NS,2024-03,228.10000610351562,235.86820236206054
NLCINDIA.NS,2024-04,242.35000610351562,238.9558543395996
NLCINDIA.NS,2024-05,236.5,235.6394990539551
NLCINDIA.NS,2024-06,240.14999389648438,240.69404525756835
NLCINDIA.NS,2024-07,287.8599853515625,240.01449829101563
NLCINDIA.NS,2024-08,275.1000061035156,266.51175079345705
NLCINDIA.NS,2024-09,282.5,282.3429968261719
NLCINDIA.NS,2024-10,257.5,262.3669985961914
NLCINDIA.NS,2024-11,258.8500061035156,247.76630020141602
NLCINDIA.NS,2024-12,266.29998779296875,268.65349609375
